#,HP,Attack,Defense,Sp. Atk,Sp. Def,Speed,Generation
800.0,800.0,800.0,800.0,800.0,800.0,800.0,800.0
362.81375,69.25875,79.00125,73.8425,72.82,71.9025,68.2775,3.32375
208.34379756406673,25.534669032332047,32.45736586949843,31.183500559332927,32.72229416880157,27.82891579711745,29.06047371716149,1.6612904004849494
1.0,1.0,5.0,5.0,10.0,20.0,5.0,1.0
184.75,50.0,55.0,50.0,49.75,50.0,45.0,2.0
364.5,65.0,75.0,70.0,65.0,70.0,65.0,3.0
539.25,80.0,100.0,90.0,95.0,90.0,90.0,5.0
721.0,255.0,190.0,230.0,194.0,230.0,180.0,6.0
